seed,suggestion,source
aesthetic room,aesthetic room,prefix_match
aesthetic room,aesthetic room decor,prefix_match
aesthetic room,aesthetic room ideas,prefix_match
aesthetic room,aesthetic room inspo,prefix_match
aesthetic room,aesthetic room posters,prefix_match
aesthetic room,aesthetic room decor ideas,prefix_match
aesthetic room,aesthetic room decor diy,prefix_match
aesthetic room,aesthetic rooms,prefix_match
aesthetic room,room aesthetic,prefix_match
aesthetic room,living room aesthetic,prefix_match
aesthetic room,aesthetic room,prefix_match
aesthetic room,aesthetic room ideas,prefix_match
aesthetic room,aesthetic room decor,prefix_match
aesthetic room,aesthetic room decor ideas,prefix_match
aesthetic room,aesthetic room inspo,prefix_match
aesthetic room,aesthetic room posters,prefix_match
aesthetic room,aesthetic room decor diy,prefix_match
aesthetic room,aesthetic rooms,prefix_match
aesthetic room,living room aesthetic,prefix_match
aesthetic room,room aesthetic,prefix_match
aesthetic room,cute bedroom ideas,related_terms
aesthetic room,small room makeover,related_terms
aesthetic room,cozy bedroom ideas,related_terms
aesthetic room,small room ideas,related_terms
aesthetic room,bedroom ideas for small rooms diy,related_terms
aesthetic room,bedroom decor,related_terms
aesthetic room,cute bedroom ideas,related_terms
aesthetic room,cozy bedroom ideas,related_terms
aesthetic room,cozy bedroom,related_terms
aesthetic room,bedroom inspo,related_terms
budget,budget,prefix_match
budget,budget planner,prefix_match
budget,budgeting,prefix_match
budget,budget wedding,prefix_match
budget,budget meals,prefix_match
budget,budgeting aesthetic,prefix_match
budget,budget challenge,prefix_match
budget,budgeting tips,prefix_match
budget,budgeting finances,prefix_match
budget,budget mensuel,prefix_match
budget,budget,prefix_match
budget,budget planner,prefix_match
budget,budget meals,prefix_match
budget,budget friendly meals,prefix_match
budget,budget template,prefix_match
budget,budgeting,prefix_match
budget,budgeting tips,prefix_match
budget,budgeting finances,prefix_match
budget,budget friendly meals families,prefix_match
budget,budget planner template,prefix_match
budget,budgeting,related_terms
budget,budgeting tips,related_terms
budget,how to save money,related_terms
budget,budget planner,related_terms
budget,money saving,related_terms
budget,budgeting,related_terms
budget,how to budget for beginners,related_terms
budget,saving money tips,related_terms
budget,budgeting finances,related_terms
budget,budgeting tips,related_terms
coloring pages,coloring pages,prefix_match
coloring pages,coloring pages for kids,prefix_match
coloring pages,coloring pages aesthetic,prefix_match
coloring pages,coloring pages for adults,prefix_match
coloring pages,coloring pages to print,prefix_match
coloring pages,coco wyo coloring pages,prefix_match
coloring pages,cartoon coloring pages,prefix_match
coloring pages,cozy friends coloring pages,prefix_match
coloring pages,cozy days coloring pages finished,prefix_match
coloring pages,cute coloring pages,prefix_match
coloring pages,coloring pages,prefix_match
coloring pages,coloring pages for kids,prefix_match
coloring pages,coloring pages for adults,prefix_match
coloring pages,coloring pages aesthetic,prefix_match
coloring pages,coloring pages y2k,prefix_match
coloring pages,coloring pages fall,prefix_match
coloring pages,coloring pages halloween,prefix_match
coloring pages,coloring pages easy,prefix_match
coloring pages,coloring pages free printable,prefix_match
coloring pages,coloring pages for boys,prefix_match
coloring pages,coloring books,related_terms
coloring pages,coloring page,related_terms
coloring pages,coloring book,related_terms
coloring pages,coloring pages for adults,related_terms
coloring pages,halloween coloring pages,related_terms
coloring pages,coloring books,related_terms
coloring pages,coloring page,related_terms
coloring pages,coloring book,related_terms
coloring pages,coloring pages for adults,related_terms
coloring pages,halloween coloring pages,related_terms
desk setup,desk setup,prefix_match
desk setup,desk setup ideas,prefix_match
desk setup,desk setup aesthetic,prefix_match
desk setup,cozy desk setup,prefix_match
desk setup,small desk setup,prefix_match
desk setup,gaming desk setup,prefix_match
desk setup,wfh desk setup,prefix_match
desk setup,office desk setup,prefix_match
desk setup,aesthetic desk setup,prefix_match
desk setup,ikea desk setup,prefix_match
desk setup,desk setup,prefix_match
desk setup,desk setup ideas,prefix_match
desk setup,desk setup aesthetic,prefix_match
desk setup,desk setup office,prefix_match
desk setup,desk setups,prefix_match
desk setup,cozy desk setup,prefix_match
desk setup,cute desk setup,prefix_match
desk setup,office desk setup,prefix_match
desk setup,wfh desk setup,prefix_match
desk setup,teacher desk setup,prefix_match
desk setup,work from home set up,related_terms
desk setup,corner desk,related_terms
desk setup,home office ideas,related_terms
desk setup,office ideas,related_terms
desk setup,desk ideas,related_terms
desk setup,work from home set up,related_terms
desk setup,corner desk,related_terms
desk setup,home office setup,related_terms
desk setup,home office ideas,related_terms
desk setup,office ideas,related_terms
gift ideas,gift ideas,prefix_match
gift ideas,gift ideas for best friend,prefix_match
gift ideas,gift ideas for boyfriend,prefix_match
gift ideas,gift ideas for women,prefix_match
gift ideas,gift ideas for friends,prefix_match
gift ideas,gift ideas for mum,prefix_match
gift ideas,gift ideas for girlfriend,prefix_match
gift ideas,gift ideas diy,prefix_match
gift ideas,gift ideas for men,prefix_match
gift ideas,gift ideas for dad,prefix_match
gift ideas,gift ideas,prefix_match
gift ideas,gift ideas for boyfriend,prefix_match
gift ideas,gift ideas for best friend,prefix_match
gift ideas,gift ideas for women,prefix_match
gift ideas,gift ideas for friends,prefix_match
gift ideas,gift ideas for mom,prefix_match
gift ideas,gift ideas for girlfriend,prefix_match
gift ideas,gift ideas for men,prefix_match
gift ideas,gift ideas for girlfriends,prefix_match
gift ideas,gift ideas diy,prefix_match
gift ideas,gifts,related_terms
gift ideas,christmas present ideas,related_terms
gift ideas,handmade gift ideas for best friend,related_terms
gift ideas,gift ideas for friends,related_terms
gift ideas,gifts for friends,related_terms
gift ideas,gifts,related_terms
gift ideas,christmas present ideas,related_terms
gift ideas,handmade gift ideas for best friend,related_terms
gift ideas,christmas gifts for women,related_terms
gift ideas,small gift ideas,related_terms
home decor,home decor,prefix_match
home decor,home decor ideas,prefix_match
home decor,home decor bedroom,prefix_match
home decor,home decoration ideas,prefix_match
home decor,home decor ideas living room,prefix_match
home decor,home decor ideas living room and kitchen,prefix_match
home decor,home decor inspiration,prefix_match
home decor,home decor inspo,prefix_match
home decor,home decor style,prefix_match
home decor,home decor,prefix_match
home decor,home decor ideas,prefix_match
home decor,home decoration ideas,prefix_match
home decor,home decor bedroom,prefix_match
home decor,home decor ideas living room,prefix_match
home decor,home decor inspiration,prefix_match
home decor,home decor aesthetic,prefix_match
home decor,home decor diy,prefix_match
home decor,home decor styles,prefix_match
home decor,home decor ideas living room and kitchen,prefix_match
home decor,bathroom decor,related_terms
home decor,family room,related_terms
home decor,living room aesthetic,related_terms
home decor,entryway ideas,related_terms
home decor,house decor,related_terms
home decor,small living room ideas,related_terms
home decor,bathroom decor,related_terms
home decor,family room,related_terms
home decor,living room aesthetic,related_terms
home decor,entryway ideas,related_terms
journal ideas,journal ideas,prefix_match
journal ideas,journal ideas aesthetic,prefix_match
journal ideas,journal ideas pages,prefix_match
journal ideas,journal ideas creative,prefix_match
journal ideas,bullet journal ideas,prefix_match
journal ideas,junk journal ideas,prefix_match
journal ideas,journal page ideas,prefix_match
journal ideas,journal cover ideas,prefix_match
journal ideas,book journal ideas,prefix_match
journal ideas,bullet journal design ideas,prefix_match
journal ideas,journal ideas,prefix_match
journal ideas,journal ideas aesthetic,prefix_match
journal ideas,journal ideas creative,prefix_match
journal ideas,journal ideas pages,prefix_match
journal ideas,journal ideas prompts,prefix_match
journal ideas,journal ideas writing,prefix_match
journal ideas,junk journal ideas,prefix_match
journal ideas,bullet journal ideas,prefix_match
journal ideas,journal cover ideas,prefix_match
journal ideas,journal page ideas,prefix_match
journal ideas,aesthetic diary ideas,related_terms
journal ideas,mini art journal,related_terms
journal ideas,journal cover ideas,related_terms
journal ideas,journal aesthetic,related_terms
journal ideas,journal page,related_terms
journal ideas,aesthetic diary ideas,related_terms
journal ideas,mini art journal,related_terms
journal ideas,journal cover ideas,related_terms
journal ideas,journal aesthetic,related_terms
journal ideas,journaling,related_terms
meal prep,meal prep,prefix_match
meal prep,meal prep ideas,prefix_match
meal prep,meal prep for the week,prefix_match
meal prep,meal prep aesthetic,prefix_match
meal prep,meal prep recipes,prefix_match
meal prep,meal prep lunch,prefix_match
meal prep,meal prep snacks,prefix_match
meal prep,meal prep breakfast,prefix_match
meal prep,meal prep lunch ideas,prefix_match
meal prep,meal prep rezepte,prefix_match
meal prep,meal prep,prefix_match
meal prep,meal prep ideas,prefix_match
meal prep,meal prep for the week,prefix_match
meal prep,meal prep recipes,prefix_match
meal prep,meal prep breakfast,prefix_match
meal prep,meal prep lunch,prefix_match
meal prep,meal prep breakfast ideas,prefix_match
meal prep,meal prep lunch ideas,prefix_match
meal prep,meal prep snacks,prefix_match
meal prep,meal prep lunches,prefix_match
meal prep,meal prep for the week,related_terms
meal prep,healthy dinner recipes,related_terms
meal prep,meal prep recipes,related_terms
meal prep,lunch ideas for work,related_terms
meal prep,high protein meal prep,related_terms
meal prep,meal prep for the week,related_terms
meal prep,healthy dinner recipes,related_terms
meal prep,food prep ideas,related_terms
meal prep,work lunch ideas,related_terms
meal prep,meal prep recipes,related_terms
outfit ideas,outfit ideas,prefix_match
outfit ideas,outfit ideas autumn,prefix_match
outfit ideas,outfit ideas summer,prefix_match
outfit ideas,outfit ideas casual,prefix_match
outfit ideas,outfit ideas for school,prefix_match
outfit ideas,outfit ideas for women,prefix_match
outfit ideas,outfit ideas men,prefix_match
outfit ideas,outfit ideas winter,prefix_match
outfit ideas,outfit ideas jeans,prefix_match
outfit ideas,outfit ideas y2k,prefix_match
outfit ideas,outfit ideas,prefix_match
outfit ideas,outfit ideas for school,prefix_match
outfit ideas,outfit ideas summer,prefix_match
outfit ideas,outfit ideas black women,prefix_match
outfit ideas,outfit ideas for women,prefix_match
outfit ideas,outfit ideas men,prefix_match
outfit ideas,outfit ideas school,prefix_match
outfit ideas,outfit ideas casual,prefix_match
outfit ideas,outfit ideas fall,prefix_match
outfit ideas,outfit ideas shorts,prefix_match
outfit ideas,winter outfits for women,related_terms
outfit ideas,style,related_terms
outfit ideas,birthday outfit,related_terms
outfit ideas,outfits for school,related_terms
outfit ideas,fall outfits 2026 women,related_terms
outfit ideas,cute fall outfits for women,related_terms
outfit ideas,fall casual outfits,related_terms
outfit ideas,winter outfits for women,related_terms
outfit ideas,fashion,related_terms
outfit ideas,style,related_terms
planner,planner,prefix_match
planner,planner aesthetic,prefix_match
planner,planner ideas,prefix_match
planner,planner organization,prefix_match
planner,planner template,prefix_match
planner,planner stickers,prefix_match
planner,planner pages,prefix_match
planner,planners,prefix_match
planner,weekly planner,prefix_match
planner,weekly planner template,prefix_match
planner,planner,prefix_match
planner,planner aesthetic,prefix_match
planner,planner ideas,prefix_match
planner,planner organization,prefix_match
planner,planner template,prefix_match
planner,planner inspo,prefix_match
planner,planners,prefix_match
planner,planner cover,prefix_match
planner,planner stickers,prefix_match
planner,planner inspiration,prefix_match
planner,digital planner,related_terms
planner,week planner,related_terms
planner,daily planner,related_terms
planner,monthly planner,related_terms
planner,planner template,related_terms
planner,digital planner,related_terms
planner,week planner,related_terms
planner,daily planner,related_terms
planner,monthly planner,related_terms
planner,planner template,related_terms
skincare,skincare,prefix_match
skincare,skincare routine,prefix_match
skincare,skincare aesthetic,prefix_match
skincare,skincare products,prefix_match
skincare,skincare order,prefix_match
skincare,skincare organization,prefix_match
skincare,skincare routine order,prefix_match
skincare,skincare products aesthetic,prefix_match
skincare,skincare fridge,prefix_match
skincare,skincare steps,prefix_match
skincare,skincare,prefix_match
skincare,skincare routine,prefix_match
skincare,skincare aesthetic,prefix_match
skincare,skincare products,prefix_match
skincare,skincare order,prefix_match
skincare,skincare organization,prefix_match
skincare,skincare routine order,prefix_match
skincare,skincare steps,prefix_match
skincare,skincare products aesthetic,prefix_match
skincare,skincare fridge,prefix_match
skincare,grwm,related_terms
skincare,skin care products,related_terms
skincare,skin care routine,related_terms
skincare,skin care,related_terms
skincare,clear skin,related_terms
skincare,serious skin care,related_terms
skincare,grwm,related_terms
skincare,skin care products,related_terms
skincare,skin care routine,related_terms
skincare,skin care,related_terms
study motivation,study motivation,prefix_match
study motivation,study motivation quotes,prefix_match
study motivation,study motivation aesthetic,prefix_match
study motivation,study motivation video,prefix_match
study motivation,study motivation wallpaper,prefix_match
study motivation,study motivation inspiration,prefix_match
study motivation,study aesthetic motivation,prefix_match
study motivation,rory gilmore study motivation,prefix_match
study motivation,motivation to study,prefix_match
study motivation,study,prefix_match
study motivation,study motivation,prefix_match
study motivation,study motivation video,prefix_match
study motivation,study motivation aesthetic,prefix_match
study motivation,study motivation quotes,prefix_match
study motivation,study motivation wallpaper,prefix_match
study motivation,study motivation inspiration,prefix_match
study motivation,study aesthetic motivation,prefix_match
study motivation,motivation to study,prefix_match
study motivation,rory gilmore study motivation,prefix_match
study motivation,motivation,prefix_match
study motivation,student aesthetic,related_terms
study motivation,study vibes,related_terms
study motivation,study era,related_terms
study motivation,study core,related_terms
study motivation,academic motivation,related_terms
study motivation,student aesthetic,related_terms
study motivation,study vibes,related_terms
study motivation,study era,related_terms
study motivation,study core,related_terms
study motivation,academic motivation,related_terms
travel tips,travel tips,prefix_match
travel tips,packing tips for travel,prefix_match
travel tips,french tips,prefix_match
travel tips,travel,prefix_match
travel tips,glow up tips,prefix_match
travel tips,travel aesthetic,prefix_match
travel tips,blue french tips,prefix_match
travel tips,square french tips,prefix_match
travel tips,coloured french tips,prefix_match
travel tips,travel outfit,prefix_match
travel tips,travel tips,prefix_match
travel tips,packing tips for travel,prefix_match
travel tips,french tips,prefix_match
travel tips,travel,prefix_match
travel tips,glow up tips,prefix_match
travel tips,travel aesthetic,prefix_match
travel tips,fox tips hair,prefix_match
travel tips,fall french tips,prefix_match
travel tips,travel outfits for women,prefix_match
travel tips,travel outfit,prefix_match
travel tips,travel hacks,related_terms
travel tips,solo travel,related_terms
travel tips,switzerland travel,related_terms
travel tips,packing tips for travel,related_terms
travel tips,travel essentials,related_terms
travel tips,travel hacks,related_terms
travel tips,solo travel,related_terms
travel tips,switzerland travel,related_terms
travel tips,travel essentials,related_terms
travel tips,cool things,related_terms
wallpaper,wallpaper,prefix_match
wallpaper,wallpapers,prefix_match
wallpaper,wallpaper aesthetic,prefix_match
wallpaper,wallpaper ipad,prefix_match
wallpaper,wallpaper ideas,prefix_match
wallpaper,wallpaper backgrounds,prefix_match
wallpaper,wallpaper 4k,prefix_match
wallpaper,wallpaper laptop,prefix_match
wallpaper,wallpaper pink,prefix_match
wallpaper,wallpaper autumn,prefix_match
wallpaper,wallpaper,prefix_match
wallpaper,wallpapers,prefix_match
wallpaper,wallpaper aesthetic,prefix_match
wallpaper,wallpaper backgrounds,prefix_match
wallpaper,wallpaper ipad,prefix_match
wallpaper,wallpaper ideas,prefix_match
wallpaper,wallpaper laptop,prefix_match
wallpaper,wallpaper for laptop,prefix_match
wallpaper,wallpaper 4k,prefix_match
wallpaper,wallpaper macbook,prefix_match
wallpaper,wallpaper dark,related_terms
wallpaper,wallpaper aesthetic,related_terms
wallpaper,black and white wallpaper,related_terms
wallpaper,cool wallpaper,related_terms
wallpaper,desktop wallpaper,related_terms
wallpaper,wallpaper aesthetic,related_terms
wallpaper,cool wallpaper,related_terms
wallpaper,desktop wallpaper,related_terms
wallpaper,wallpaper black,related_terms
wallpaper,backgrounds,related_terms
wedding,wedding,prefix_match
wedding,wedding dress,prefix_match
wedding,wedding dresses,prefix_match
wedding,wedding guest dress,prefix_match
wedding,wedding cake,prefix_match
wedding,wedding nails,prefix_match
wedding,wedding guest outfit,prefix_match
wedding,wedding hair,prefix_match
wedding,wedding hairstyles,prefix_match
wedding,wedding ring,prefix_match
wedding,wedding,prefix_match
wedding,wedding dresses,prefix_match
wedding,wedding dress,prefix_match
wedding,wedding nails,prefix_match
wedding,wedding rings,prefix_match
wedding,wedding guest dress,prefix_match
wedding,wedding hair,prefix_match
wedding,wedding guest hairstyles,prefix_match
wedding,wedding hairstyles,prefix_match
wedding,wedding cake,prefix_match
wedding,elegant wedding dresses,related_terms
wedding,flowy wedding dress,related_terms
wedding,wedding dresses lace,related_terms
wedding,fun wedding ideas,related_terms
wedding,backless wedding dress,related_terms
wedding,elegant wedding dresses,related_terms
wedding,flowy wedding dress,related_terms
wedding,wedding dresses lace,related_terms
wedding,fun wedding ideas,related_terms
wedding,backless wedding dress,related_terms
