rank,term,us_interest,us_preset,gb_interest,gb_preset,ca_interest,de_interest,us_seasonality,us_mom_change,us_yoy_change,from_suggestions
1,fall nails,100,top_monthly,17,top_monthly,100,23,0.9942828,5,0.09,
2,hoco posters,100,growing,,,,,0.8656904,15,1,
3,autumn nails,,,100,top_monthly,12,27,,,,
4,simple autumn nails,,,100,growing,,,,,,
5,nails,74,top_monthly,82,top_monthly,82,57,0.9266868,-0.2,0.04,
6,short autumn nails,,,81,growing,,,,,,
7,autumn outfits,,,78,top_monthly,,52,,,,
8,wallpaper,53,top_monthly,68,top_monthly,54,72,0.46837577,0.04,0.9,Y
9,hairstyles,59,top_monthly,45,top_monthly,34,25,0.5767312,0.1,0.9,
10,outfit ideas,48,top_monthly,38,top_monthly,44,,0.7125006,0.3,-0.08,Y
11,nails inspo 2026,,,47,top_monthly,17,,,,,
12,autumn nails short,,,46,growing,,,,,,
13,autumn french tip nails,,,45,growing,,,,,,
14,white out football game outfit,41,trending_now,,,,,0.74663043,20,1,
15,christmas nails,29,top_yearly,41,top_yearly,28,,0.99214005,0.8,0.2,
16,nail ideas,40,top_monthly,13,top_monthly,37,,0.5001146,-0.2,1,
17,autumn nails 2026,39,trending_now,17,top_monthly,,,0.3170278,25,100.01,
18,brown autumn nails,,,39,growing,,,,,,
19,drawing ideas,26,top_monthly,38,top_monthly,27,22,0.6485481,-0.08,0.3,
20,autumn,,,37,top_monthly,,21,,,,
21,fall outfits,36,top_monthly,18,top_monthly,58,51,0.98627174,1,-0.3,
22,september nails,31,top_monthly,36,top_monthly,28,,0.8070113,7,1,
23,fall nails 2026 color trends,33,trending_now,,,5,,0.31589305,30,100.01,
24,nail inspo,31,top_monthly,27,top_monthly,26,23,0.8461596,-0.2,0.6,
25,aesthetic,16,top_monthly,31,top_monthly,18,32,0.48105744,-0.1,0.6,
26,spring nails,28,top_yearly,22,top_yearly,22,,0.97824883,0.3,0.3,
27,dinner ideas,28,top_monthly,,,16,,0.7679006,0.04,0.05,
28,minimise,27,trending_now,0,trending_now,,,0.3245579,100.01,100.01,
29,fall nail colors 2026,27,trending_now,,,,,0.31912124,30,100.01,
30,black out football game outfits,25,growing,,,,,0.9449359,20,0.8,
31,bedroom ideas,,,24,top_monthly,9,,,,,
32,valentines nails,23,top_yearly,11,top_yearly,12,,0.8281806,0.3,1,
33,warm weather fall outfits,23,growing,,,,,0.83435607,20,1,
34,french tip nails,14,top_monthly,23,top_monthly,16,,0.58081645,-0.2,0.6,
35,flower,12,top_monthly,23,top_monthly,16,,0.53303206,0,0.3,
36,makeup,13,top_monthly,22,top_monthly,14,,0.61057997,0.02,0.4,
37,flowers,12,top_monthly,22,top_monthly,13,,0.87494653,0.02,0.2,
38,square autumn nails,,,22,growing,,,,,,
39,winter outfits,18,top_yearly,21,top_monthly,19,19,0.9822885,0.4,0.01,
40,outfit,14,top_monthly,21,top_monthly,21,54,0.49335337,-0.02,0.9,
41,room decor,,,21,top_monthly,15,,,,,
42,autumn activities for toddlers,,,21,growing,,,,,,
43,autumn nails brown,,,21,growing,,,,,,
44,blackout football game outfit,20,trending_now,,,,,0.38260803,20,15,
45,holiday nails,,,20,top_monthly,,,,,,
46,autumn going out outfit,,,20,growing,,,,,,
47,dot day,19,growing,,,4,,0.9277849,35,0.3,
48,date planning inspo,19,top_yearly,,,,,0.15268642,-0.2,-0.3,
49,pumpkin carving ideas,,,19,top_yearly,15,,,,,
50,pink autumn nails,,,19,growing,,,,,,
51,red autumn nails,,,19,growing,,,,,,
52,autumn short nails,,,19,growing,,,,,,
53,winter hair braid,18,top_yearly,,,,,0.24908787,-0.2,0.04,
54,fall nails september,18,trending_now,,,,,0.4351288,75,4,
55,fall nail inspo ideas,18,trending_now,,,,,0.3197105,35,100.01,
56,hair,12,top_monthly,18,top_monthly,14,,0.5695847,-0.08,0.05,
57,pottery painting ideas,,,18,top_monthly,,,,,,
58,autumn night out outfit,,,18,growing,,,,,,
59,autumn toe nails,,,18,growing,,,,,,
60,halloween nails,17,top_monthly,15,top_monthly,11,,0.99579036,3,-0.1,
61,pose reference,16,top_monthly,17,top_monthly,16,,0.3869112,-0.02,0.8,
62,pose,12,top_monthly,17,top_monthly,14,,0.2605689,0.08,3,
63,art,10,top_monthly,17,top_monthly,13,,0.65771776,0.01,0.1,
64,summer nails 2026,,,17,top_yearly,14,,,,,
65,autumn nails french tips,,,17,growing,,,,,,
66,short nail designs autumn,,,17,growing,,,,,,
67,autumn nails red,,,17,growing,,,,,,
68,hoco dresses,16,top_monthly,,,,,0.99160266,1,-0.09,
69,fall nail inspo 2026,16,trending_now,,,,,0.32135648,30,100.01,
70,doodles,11,top_monthly,16,top_monthly,13,,0.6268646,0.1,0.9,
71,spiderman,10,top_monthly,16,top_monthly,10,19,0.59946465,-0.4,0.8,
72,drawings,10,top_monthly,16,top_monthly,9,,0.7230602,0,0.3,
73,autumn aesthetic,,,16,top_monthly,,,,,,
74,posters,,,16,top_monthly,,,,,,
75,couples halloween costumes,15,top_monthly,,,,,0.38682708,1,25,
76,easy dinner recipes,15,top_yearly,,,,,0.875875,0.03,-0.3,
77,dinner recipes,15,top_yearly,,,,,0.5340179,0.01,-0.4,
78,early autumn nails,15,trending_now,0,trending_now,,,0.5309869,40,-0.3,
79,almond nails,13,top_yearly,15,top_yearly,,,0.95686114,-0.2,-0.2,
80,funny,11,top_monthly,15,top_monthly,10,,0.9202748,-0.01,0.4,
81,bedroom,,,15,top_monthly,,,,,,
82,polka dot nails,,,15,top_yearly,,,,,,
83,outfit inspo,14,top_monthly,14,top_monthly,10,24,0.57567316,0.1,0.7,
84,reaction pictures,14,top_monthly,13,top_yearly,13,,0.3237922,-0.01,-0.2,
85,pink nails,14,top_yearly,13,top_yearly,13,,0.9803385,-0.2,-0.08,
86,fall wallpaper,14,top_monthly,,,13,,0.99098235,3,-0.1,
87,hairstyle ideas,14,top_monthly,,,,,0.37529096,0.2,8,
88,wallpaper backgrounds,14,top_yearly,,,,,0.2842725,0.02,-0.5,Y
89,future wedding plans,14,top_yearly,,,,,0.15904447,-0.4,-0.4,
90,braided hairstyles,14,top_yearly,,,,,0.5362028,-0.1,-0.2,
91,crockpot recipes,14,top_yearly,,,,,0.861332,0.4,-0.3,
92,hoco nail ideas,14,growing,,,,,0.94445366,20,-0.3,
93,hair styles,12,top_monthly,14,top_monthly,10,,0.5892108,0.2,-0.6,
94,pink wallpaper,10,top_monthly,14,top_monthly,9,,0.8182454,-0.03,0.1,
95,nail art,,,14,top_monthly,13,,,,,
96,wedding dress,,,14,top_monthly,11,,,,,Y
97,autumn outfits 2026,,,14,top_monthly,,,,,,
98,white,,,14,top_monthly,,,,,,
99,katseye,,,14,top_monthly,,,,,,
100,autumn holiday nails,,,14,growing,,,,,,
101,fashion,13,top_yearly,11,top_yearly,,,0.5432859,0.01,-0.5,Y
102,youtube,13,top_monthly,,,,19,0.20198216,-0.02,-0.3,
103,healthy dinner recipes,13,top_yearly,,,,,0.9084624,0,-0.3,Y
104,elf on the shelf ideas,13,top_yearly,,,,,0.9938028,0.7,-0.09,
105,fall western nails,13,trending_now,,,,,0.76606715,15,0.2,
106,hispanic heritage month crafts,13,growing,,,,,0.9757473,15,-0.2,
107,football game hairstyles,13,growing,,,,,0.90093344,15,-0.3,
108,doodle,,,13,top_monthly,10,,,,,
109,things to draw,,,13,top_monthly,,,,,,
110,ariana grande,,,13,top_monthly,,,,,,
111,fonts,,,13,top_monthly,,,,,,
112,blonde hair,,,13,top_yearly,,,,,,
113,green autumn nails,,,13,growing,,,,,,
114,autumn tuff tray,,,13,growing,,,,,,
115,happy birthday,12,top_monthly,,,10,33,0.6163505,0.04,-0.02,
116,cute hairstyles,12,top_monthly,,,,,0.8390327,0.2,0.1,
117,dolly parton,12,top_monthly,,,,,0.3250132,25,35,
118,braids hairstyles,12,top_monthly,,,,,0.543741,0,1,
119,google,12,top_monthly,,,,,0.7199076,0.04,0.5,
120,minimuse,12,trending_now,,,,,0.32568994,100.01,100.01,
121,happy grandparents day,12,trending_now,,,,,0.624881,50,-0.2,
122,nail designs,9,top_monthly,12,top_yearly,,,0.8567628,-0.2,-0.05,
123,iphone wallpaper,,,12,top_yearly,10,,,,,
124,bathroom ideas,,,12,top_yearly,,,,,,
125,stranger things,,,12,top_yearly,,,,,,
126,autumn chrome nails,,,12,growing,,,,,,
127,autumn date night outfit,,,12,growing,,,,,,
128,natural forms mind map,,,12,growing,,,,,,
129,college outfits,,,12,top_monthly,,,,,,
130,banana bread recipe,11,top_monthly,,,10,,0.7858366,0.08,-0.2,
131,curly hairstyles,11,top_monthly,,,,,0.8077576,0.2,-0.2,
132,halloween nails spooky,11,trending_now,,,,,0.4976361,20,4,
133,red nails,,,11,top_yearly,11,,,,,
134,short square autumn nails,,,11,growing,,,,,,
135,autumn evening outfits,,,11,growing,,,,,,
136,plain autumn nails,,,11,growing,,,,,,
137,autumn dinner outfit,,,11,growing,,,,,,
138,simple nails,10,top_monthly,,,14,,0.8485261,-0.3,0.4,
139,school outfits,10,top_monthly,,,12,,0.9257316,0.08,-0.2,
140,crockpot meals,10,top_monthly,,,,,0.5186053,0.3,2,
141,braids,10,top_monthly,,,,,0.78909814,-0.1,0.06,
142,wedding dresses,10,top_monthly,,,,,0.50708205,0.05,-0.2,Y
143,homecoming dresses,10,top_monthly,,,,,0.9843958,1,-0.1,
144,gucci morty,10,top_monthly,,,,,0.3167737,100.01,100.01,
145,absurd pose,10,trending_now,0,trending_now,,,0.3243764,100.01,100.01,
146,fall blonde 2026,10,trending_now,,,,,0.31384566,45,100.01,
147,hoco nail inspo,10,trending_now,,,,,0.80572945,20,-0.2,
148,hoco proposal signs,10,trending_now,,,,,0.441106,20,7,
149,autumn manicure,,,10,growing,,,,,,
150,autumn brown nails,,,10,growing,,,,,,
151,autumn nails biab,,,10,growing,,,,,,
152,subtle halloween nails,,,10,growing,,,,,,
153,gold out football game outfit,9,growing,,,,,0.95548546,15,0.3,
154,brown fall nails,,,9,growing,8,,,,,
155,autumn pub outfit,,,9,growing,,,,,,
156,school photo hairstyles,,,9,growing,,,,,,
157,easy autumn nails,,,9,growing,,,,,,
158,autumn nails green,,,9,growing,,,,,,
159,dot day shirt ideas,8,trending_now,,,,,0.37402165,100.01,15,
160,minimise gacha,8,trending_now,,,,,0.3259745,100.01,100.01,
161,coyote vs acme,8,trending_now,,,,,0.31903648,45,100.01,
162,mexican independence day,8,growing,,,,,0.8814411,30,-0.4,
163,fall almond nail inspo,8,trending_now,,,,,0.4117113,30,8,
164,september fall nails,8,trending_now,,,,,0.514526,20,-0.8,
165,fall checkered nails,8,trending_now,,,,,0.7676763,15,-0.3,
166,maroon fall nails,8,growing,,,,,0.90350395,15,0.6,
167,fall nail colors,,,8,growing,11,,,,,
168,jesienne paznokcie,,,8,growing,,,,,,
169,autumn going out outfits,,,8,growing,,,,,,
170,blue autumn nails,,,8,growing,,,,,,
171,orange autumn nails,,,8,growing,,,,,,
172,autumn red nails,,,8,growing,,,,,,
173,autumn art for kids,,,8,growing,,,,,,
174,boots with out shirt,7,trending_now,,,,,0.31307036,20,100.01,
175,homecoming bouquet ideas,7,growing,,,,,0.9901542,20,-0.3,
176,dot day art projects,7,growing,,,,,0.89254993,15,-0.2,
177,unghii de toamnă,,,7,growing,,,,,,
178,simple autumn nails short,,,7,growing,,,,,,
179,autumn activities for babies,,,7,growing,,,,,,
180,autumn brunch outfit,,,7,growing,,,,,,
181,leading lines photography,,,7,growing,,,,,,
182,rule of thirds photography,,,7,growing,,,,,,
183,autumn biab,,,7,growing,,,,,,
184,ganesh chaturthi,6,trending_now,,,3,,0.36683053,20,-0.3,
185,iphone 18 pro max cherry,6,trending_now,,,,,0.31987712,95,100.01,
186,fall nail inspo brown,6,trending_now,,,,,0.51890093,40,8,
187,plus size fall outfits women,6,trending_now,,,,,0.3229081,20,70,
188,fall tortoise nails,6,trending_now,,,,,0.7354765,15,0.2,
189,fall cat eye nail designs,6,trending_now,,,,,0.40715924,15,10,
190,cruelty,6,trending_now,,,,,0.31521627,15,15,
191,black hoco nails,6,growing,,,,,0.9889961,15,-0.2,
192,fabric christmas cards,,,6,growing,,,,,,
193,fall pumpkin nail designs,5,trending_now,,,,,0.6088456,60,-0.2,
194,mexican independence day outfit,5,growing,,,,,0.9004513,45,-0.3,
195,dolly parton costume diy,5,trending_now,,,,,0.3973756,35,5,
196,fall winter fits,5,trending_now,,,,,0.5174724,30,10,
197,nails for hoco,5,growing,,,,,0.9953413,20,-0.08,
198,hoco posters for best friend,5,growing,,,,,0.92352796,20,-0.2,
199,fnl face paint,5,trending_now,,,,,0.55636644,15,1,
200,starbucks hoco proposal,5,growing,,,,,0.9594744,15,-0.1,
201,hoco outfit ideas for guys,4,growing,,,,,0.8520531,50,1,
202,game day dips,4,growing,,,,,0.9273767,25,-0.3,
203,snoopy hoco proposal,4,growing,,,,,0.89800805,15,0.06,
204,game day foods,4,growing,,,,,0.8838745,15,-0.02,
205,football game hair,4,growing,,,,,0.9673154,15,0,
206,simple fall nails,,,4,growing,33,,,,,
207,simple hoco nails,3,growing,,,,,0.9830274,25,-0.01,
208,cute hoco nails,3,growing,,,,,0.86763567,20,0,
209,nails hoco,3,growing,,,,,0.9818929,20,0,
210,coraline hoco proposal,3,growing,,,,,0.91077673,20,0.6,
211,football game face paint ideas,3,growing,,,,,0.98412627,20,0.3,
212,navy blue hoco nails,3,growing,,,,,0.8691231,20,-0.1,
213,hello kitty hoco proposal,3,growing,,,,,0.89192086,15,-0.3,
214,ناخن پاییزی,3,growing,,,,,0.95291793,15,1,
215,october nails,,,3,trending_now,,,,,,
216,autumnal nails,,,3,trending_now,,,,,,
217,fall nails brown chrome,2,growing,,,,,0.85469645,70,0.5,
218,game day dip,2,growing,,,,,0.9464822,30,-0.2,
219,mauve fall nails,2,growing,,,,,0.9151911,25,-0.1,
220,gameday captions,2,growing,,,,,0.9254675,25,-0.3,
221,animal cell project,2,growing,,,,,0.89140344,25,0.1,
222,frat theme football game,2,growing,,,,,0.95131004,25,-0.3,
223,mini pumpkin painting ideas,2,growing,,,,,0.9951518,25,-0.08,
224,nail inspo hoco,2,growing,,,,,0.9461372,25,0.1,
225,football dips,2,growing,,,,,0.9064961,20,-0.4,
226,hoco nails blue,2,growing,,,,,0.94097906,20,-0.4,
227,easy homecoming hair,2,growing,,,,,0.8322577,20,4,
228,royal blue hoco nails,2,growing,,,,,0.9963995,15,-0.05,
229,simple fall crafts for kids,2,growing,,,,,0.87171125,15,0.03,
230,gameday appetizers,2,growing,,,,,0.8809099,15,-0.3,
231,autumn outfits 2026 women,,,2,trending_now,,,,,,
232,cheap trunk or treat ideas,1,growing,,,,,0.91477424,45,0.3,
233,easy fall nails simple,1,growing,,,,,0.9509267,30,0.03,
234,school staff halloween costume ideas,1,growing,,,,,0.8344416,20,-0.08,
235,fall good morning,1,growing,,,,,0.98476756,20,-0.09,
236,fall nails burnt orange,1,growing,,,,,0.9319589,20,0.4,
237,good morning fall images,1,growing,,,,,0.9837849,15,-0.3,
238,autumn nails square,,,1,trending_now,,,,,,
239,pumpkin nails,,,1,trending_now,,,,,,
240,autumn art,,,1,trending_now,,,,,,
241,back to school nails,,,,,20,,,,,
242,first day of school outfit,,,,,15,,,,,
243,painting ideas,,,,,12,,,,,
244,fall nails 2026,,,,,12,,,,,
245,fall aesthetic,,,,,11,,,,,
246,chicken breast recipes,,,,,10,,,,,
247,back to school outfits,,,,,10,,,,,
248,lunch ideas,,,,,10,,,,,
249,birthday card ideas,,,,,10,,,,,
250,shoes,,,,,10,,,,,
251,back to school,,,,,9,,,,,
252,breakfast ideas,,,,,12,,,,,
253,watch party ideas,,,,,11,,,,,
254,engagement rings,,,,,11,,,,,
255,short nails,,,,,11,,,,,
256,vacation nails,,,,,10,,,,,
257,ongles d'automne,,,,,10,,,,,
258,senior sunrise posters,,,,,29,,,,,
259,ongle automne 2026,,,,,14,,,,,
260,easy fall nails,,,,,3,,,,,
261,fond d’écran automne,,,,,4,,,,,
262,picture day hairstyles,,,,,4,,,,,
263,neutral fall nails,,,,,3,,,,,
264,fall french tip nails,,,,,5,,,,,
265,picture day outfit ideas,,,,,3,,,,,
266,fall pedicure colors,,,,,5,,,,,
267,ongles automne 2026,,,,,7,,,,,
268,fall nail colours,,,,,6,,,,,
269,senior sunrise frame ideas,,,,,5,,,,,
270,apple picking outfit,,,,,17,,,,,
271,picture day outfit,,,,,19,,,,,
272,red fall nails,,,,,6,,,,,
273,fall almond nails,,,,,5,,,,,
274,fall fair outfit,,,,,3,,,,,
275,fall short nails,,,,,3,,,,,
276,picture day,,,,,13,,,,,
277,ongles septembre 2026,,,,,4,,,,,
278,créations d'automne,,,,,5,,,,,
279,fall nails brown,,,,,4,,,,,
280,senior sunrise outfits,,,,,6,,,,,
281,short fall nails,,,,,15,,,,,
282,fall toe nail ideas,,,,,7,,,,,
283,fall cat eye nails,,,,,3,,,,,
284,nails fall 2026,,,,,6,,,,,
285,fall pedicure,,,,,9,,,,,
286,fall nails 2026 trends,,,0,trending_now,16,,,,,
287,fall crafts for toddlers,,,,,4,,,,,
288,fall dinner outfit,,,,,3,,,,,
289,warm fall outfits,,,,,5,,,,,
290,fall crafts for kids,,,,,10,,,,,
291,pink fall nails,,,,,4,,,,,
292,fall nails simple,,,,,24,,,,,
293,square fall nails,,,,,3,,,,,
294,fall square nails,,,,,3,,,,,
295,bricolage automne,,,,,4,,,,,
296,fall gel nails,,,,,4,,,,,
297,fall dinner ideas,,,,,6,,,,,
298,look d'automne,,,,,3,,,,,
299,fall dinner recipes,,,,,3,,,,,
300,fall nails french tip,,,,,8,,,,,
301,fall night out outfit,,,,,4,,,,,
302,fall ombre nails,,,,,4,,,,,
303,fall chrome nails,,,,,9,,,,,
304,picture day makeup,,,,,6,,,,,
305,picture day hair,,,,,6,,,,,
306,pumpkin snickerdoodle cookies,,,,,3,,,,,
307,picture day outfits,,,,,4,,,,,
308,fall halloween nails,,,,,6,,,,,
309,bricolage pomme,,,,,9,,,,,
310,orange shirt day activities,,,,,6,,,,,
311,fall art projects for kids,,,,,5,,,,,
312,burgundy fall nails,,,,,6,,,,,
313,picture day hairstyles for kids,,,,,4,,,,,
314,fall activities for preschool,,,,,5,,,,,
315,purple fall nails,,,,,4,,,,,
316,bricolage d'automne facile,,,,,6,,,,,
317,classy fall nails,,,,,7,,,,,
318,fall nails burgundy,,,,,6,,,,,
319,fall red nails,,,,,6,,,,,
320,fun fall nails,,,,,7,,,,,
321,fall toe nails,,,,,7,,,,,
322,fall activities for toddlers,,,,,8,,,,,
323,fall toes,,,,,5,,,,,
324,fall salad recipes,,,,,3,,,,,
325,fall date night outfit,,,,,6,,,,,
326,fall appetizers,,,,,8,,,,,
327,outfit inspirationen,,,,,,100,,,,
328,guten morgen gruss,,,,,,73,,,,
329,herbst outfit damen,,,,,,71,,,,
330,herbst nägel,,,,,,71,,,,
331,nägel inspiration,,,,,,67,,,,
332,hintergrundbilder,,,,,,66,,,,
333,nägel,,,,,,47,,,,
334,nails inspiration,,,,,,42,,,,
335,french nails,,,,,,38,,,,
336,keramik bemalen,,,,,,37,,,,
337,gute nacht,,,,,,36,,,,
338,herbst,,,,,,30,,,,
339,schönen abend grüße,,,,,,29,,,,
340,geburtstagswünsche,,,,,,28,,,,
341,geburtstagswünsche mann,,,,,,28,,,,
342,herbst outfit,,,,,,27,,,,
343,hintergrundbilder iphone,,,,,,26,,,,
344,zeichnen,,,,,,26,,,,
345,keramik bemalen ideen,,,,,,26,,,,
346,schönen abend und später eine gute nacht,,,,,,25,,,,
347,zeichnen ideen,,,,,,25,,,,
348,gute nacht grüße,,,,,,24,,,,
349,happy birthday frauen,,,,,,22,,,,
350,widgets,,,,,,20,,,,
351,outfit ideen,,,,,,20,,,,
352,wohnzimmer ideen,,,,,,19,,,,
353,lustige zitate und sprüche,,,,,,19,,,,
354,nageldesign,,,,,,19,,,,
355,hochzeitsgeschenk,,,,,,19,,,,
356,schlafzimmer ideen,,,,,,19,,,,
357,samstagsgrüsse neu,,,,,,19,,,,
358,sonntagsgrüsse neu,,,,,,18,,,,
359,herbstdeko,,,,,,18,,,,
360,ausmalbilder,,,,,,18,,,,
361,fashion trends,,,,,,60,,,,
362,home decor,,,,,,42,,,,Y
363,makeup inspiration,,,,,,38,,,,
364,vision board,,,,,,32,,,,
365,gute nacht schlaf gut,,,,,,29,,,,
366,guten morgen bilder neu,,,,,,25,,,,
367,gartengestaltung ideen,,,,,,23,,,,
368,blumen,,,,,,21,,,,
369,rezepte,,,,,,18,,,,
370,geschenkideen,,,,,,18,,,,
371,mädchen,,,,,,18,,,,
372,hello kitty,,,,,,17,,,,
373,essen,,,,,,17,,,,
374,herbst nagel inspo,,,,,,7,,,,
375,blumenkübel für den herbst,,,,,,16,,,,
376,retroposter,,,,,,3,,,,
377,grabgestaltung herbst winter,,,,,,9,,,,
378,herbst nagel french,,,,,,6,,,,
379,herbst nägel 2026,,,,,,24,,,,
380,herbstnägel 2026,,,,,,6,,,,
381,grabbepflanzung allerheiligen,,,,,,5,,,,
382,morgenkreis herbst,,,,,,4,,,,
383,herbstdeko 2026 trend,,,,,,9,,,,
384,glas herbstlich dekorieren,,,,,,7,,,,
385,süße herbst nägel,,,,,,3,,,,
386,dezente herbst nägel,,,,,,3,,,,
387,nägel herbst 2026,,,,,,16,,,,
388,guten morgen herbst,,,,,,4,,,,
389,herbst gel-nägel,,,,,,27,,,,
390,herbst eingang,,,,,,3,,,,
391,guten morgen herbstlich,,,,,,4,,,,
392,bastelvorlagen herbst,,,,,,3,,,,
393,kastanien basteln,,,,,,12,,,,
394,basteln mit kleinkindern herbst,,,,,,9,,,,
395,herbst krippe,,,,,,8,,,,
396,basteln mit kastanien,,,,,,3,,,,
397,kurze nagel ideen herbst,,,,,,5,,,,
398,herbst ipad hintergrund,,,,,,5,,,,
399,kürbis pasta,,,,,,8,,,,
400,herbst u3,,,,,,3,,,,
401,tablett dekorieren herbst,,,,,,3,,,,
402,naildesign herbst,,,,,,2,,,,
403,herbstgestecke tisch,,,,,,2,,,,
404,herbst outfit inspirationen,,,,,,4,,,,
405,herbst nägel braun,,,,,,6,,,,
406,herbst kunstprojekte,,,,,,3,,,,
407,basteln herbst mit kindern,,,,,,13,,,,
408,herbstbasteln mit kindern,,,,,,13,,,,
409,kunst herbst,,,,,,3,,,,
410,herbst profilbilder,,,,,,9,,,,
411,igel basteln mit kindern,,,,,,5,,,,
412,bitmoji outfits fall,,,,,,4,,,,
413,herbst nagel rot,,,,,,3,,,,
414,grabgestaltung modern herbst,,,,,,2,,,,
415,klopapierrollen basteln herbst,,,,,,2,,,,
416,herbstdeko 2026,,,,,,100,,,,
417,kränze herbst,,,,,,6,,,,
418,fingerspiel herbst,,,,,,2,,,,
419,fenster bemalen herbst,,,,,,2,,,,
420,herbst bilder hintergrund,,,,,,5,,,,
421,kürbis vorlage,,,,,,2,,,,
422,nägel ideen herbst,,,,,,3,,,,
423,herbst fenster deko,,,,,,2,,,,
424,herbstbasteln mit kindern unter 3,,,,,,8,,,,
425,доброе утро осень,,,,,,7,,,,
426,herbst morgenkreis,,,,,,6,,,,
427,donnerstag herbstlich,,,,,,5,,,,
428,guten morgen gruss herbstlich,,,,,,6,,,,
429,herbst guten morgen,,,,,,8,,,,
430,ausmalbilder herbst kostenlos,,,,,,6,,,,
431,naturbilder herbst,,,,,,9,,,,
432,tischspruch herbst kita,,,,,,7,,,,
433,kaffeefilter basteln herbst,,,,,,7,,,,
434,herbst lustig,,,,,,13,,,,
435,herbstanfang bilder,,,,,,7,,,,
436,kastanien ideen,,,,,,14,,,,
437,herbstfenster kindergarten,,,,,,6,,,,
438,blumenkasten herbst winter,,,,,,10,,,,
439,kürbis basteln mit kindern,,,,,,10,,,,
440,rote herbst nägel,,,,,,6,,,,
441,fensterbilder herbst malen,,,,,,7,,,,
442,herbst lustige bilder,,,,,,5,,,,
443,halloween snack ideen einfach,,,,,,5,,,,
444,freitagsgrüsse neu herbstlich,,,,,,13,,,,
445,sonntagsgrüße bilder neu natur herbst,,,,,,5,,,,
446,handabdruck herbst,,,,,,11,,,,
447,kastanien basteln mit kindern,,,,,,12,,,,
448,herbstangebote kita,,,,,,9,,,,
449,kürbis feta pasta,,,,,,9,,,,
450,kita herbst basteln,,,,,,10,,,,
451,herbstbepflanzung grab,,,,,,6,,,,
452,herbst krippenkinder,,,,,,13,,,,
453,kirmes outfit herbst,,,,,,7,,,,
454,lampionblume basteln,,,,,,9,,,,
455,autumn nails burgundy,,,0,trending_now,,,,,,
456,nails autumn 2026,,,0,trending_now,,,,,,
457,september nails 2026,,,0,trending_now,,,,,,
458,practical magic 2,,,0,trending_now,,,,,,
459,natural forms title page,,,0,trending_now,,,,,,
460,classy autumn nails,,,0,trending_now,,,,,,
461,nails inspo 2026 september,,,0,trending_now,,,,,,
462,cute autumn nails,,,0,trending_now,,,,,,
463,autumn square nails,,,0,trending_now,,,,,,
464,autumn nails almond,,,0,trending_now,,,,,,
465,autumn nails simple,,,0,trending_now,,,,,,
466,autumn gel nails,,,0,trending_now,,,,,,
467,autumn biab nails,,,0,trending_now,,,,,,
468,autumn nail art,,,0,trending_now,,,,,,
469,simple halloween nails,,,0,trending_now,,,,,,
470,autumn nail colours,,,0,trending_now,,,,,,
471,autumn nails designs,,,0,trending_now,,,,,,
472,autumn almond nails,,,0,trending_now,,,,,,
473,cute autumn wallpaper,,,0,trending_now,,,,,,
474,white lies t shirt ideas,,,0,trending_now,,,,,,
475,deer halloween costume,,,0,trending_now,,,,,,
476,halloween nails simple,,,0,trending_now,,,,,,
477,fall nail ideas,,,0,trending_now,,,,,,
478,angel halloween costume,,,0,trending_now,,,,,,
479,autumn iphone wallpaper,,,0,trending_now,,,,,,
480,ageless style,,,0,trending_now,,,,,,
481,harry styles concert outfit,,,0,trending_now,,,,,,
482,aesthetic room,,,,,,,,,,Y
483,aesthetic room decor,,,,,,,,,,Y
484,aesthetic room ideas,,,,,,,,,,Y
485,aesthetic room inspo,,,,,,,,,,Y
486,aesthetic room posters,,,,,,,,,,Y
487,aesthetic room decor ideas,,,,,,,,,,Y
488,aesthetic room decor diy,,,,,,,,,,Y
489,aesthetic rooms,,,,,,,,,,Y
490,room aesthetic,,,,,,,,,,Y
491,living room aesthetic,,,,,,,,,,Y
492,budget,,,,,,,,,,Y
493,budget planner,,,,,,,,,,Y
494,budgeting,,,,,,,,,,Y
495,budget wedding,,,,,,,,,,Y
496,budget meals,,,,,,,,,,Y
497,budgeting aesthetic,,,,,,,,,,Y
498,budget challenge,,,,,,,,,,Y
499,budgeting tips,,,,,,,,,,Y
500,budgeting finances,,,,,,,,,,Y
501,budget mensuel,,,,,,,,,,Y
502,coloring pages,,,,,,,,,,Y
503,coloring pages for kids,,,,,,,,,,Y
504,coloring pages aesthetic,,,,,,,,,,Y
505,coloring pages for adults,,,,,,,,,,Y
506,coloring pages to print,,,,,,,,,,Y
507,coco wyo coloring pages,,,,,,,,,,Y
508,cartoon coloring pages,,,,,,,,,,Y
509,cozy friends coloring pages,,,,,,,,,,Y
510,cozy days coloring pages finished,,,,,,,,,,Y
511,cute coloring pages,,,,,,,,,,Y
512,desk setup,,,,,,,,,,Y
513,desk setup ideas,,,,,,,,,,Y
514,desk setup aesthetic,,,,,,,,,,Y
515,cozy desk setup,,,,,,,,,,Y
516,small desk setup,,,,,,,,,,Y
517,gaming desk setup,,,,,,,,,,Y
518,wfh desk setup,,,,,,,,,,Y
519,office desk setup,,,,,,,,,,Y
520,aesthetic desk setup,,,,,,,,,,Y
521,ikea desk setup,,,,,,,,,,Y
522,gift ideas,,,,,,,,,,Y
523,gift ideas for best friend,,,,,,,,,,Y
524,gift ideas for boyfriend,,,,,,,,,,Y
525,gift ideas for women,,,,,,,,,,Y
526,gift ideas for friends,,,,,,,,,,Y
527,gift ideas for mum,,,,,,,,,,Y
528,gift ideas for girlfriend,,,,,,,,,,Y
529,gift ideas diy,,,,,,,,,,Y
530,gift ideas for men,,,,,,,,,,Y
531,gift ideas for dad,,,,,,,,,,Y
532,home decor ideas,,,,,,,,,,Y
533,home decor bedroom,,,,,,,,,,Y
534,home decoration ideas,,,,,,,,,,Y
535,home decor ideas living room,,,,,,,,,,Y
536,home decor ideas living room and kitchen,,,,,,,,,,Y
537,home decor inspiration,,,,,,,,,,Y
538,home decor inspo,,,,,,,,,,Y
539,home decor style,,,,,,,,,,Y
540,journal ideas,,,,,,,,,,Y
541,journal ideas aesthetic,,,,,,,,,,Y
542,journal ideas pages,,,,,,,,,,Y
543,journal ideas creative,,,,,,,,,,Y
544,bullet journal ideas,,,,,,,,,,Y
545,junk journal ideas,,,,,,,,,,Y
546,journal page ideas,,,,,,,,,,Y
547,journal cover ideas,,,,,,,,,,Y
548,book journal ideas,,,,,,,,,,Y
549,bullet journal design ideas,,,,,,,,,,Y
550,meal prep,,,,,,,,,,Y
551,meal prep ideas,,,,,,,,,,Y
552,meal prep for the week,,,,,,,,,,Y
553,meal prep aesthetic,,,,,,,,,,Y
554,meal prep recipes,,,,,,,,,,Y
555,meal prep lunch,,,,,,,,,,Y
556,meal prep snacks,,,,,,,,,,Y
557,meal prep breakfast,,,,,,,,,,Y
558,meal prep lunch ideas,,,,,,,,,,Y
559,meal prep rezepte,,,,,,,,,,Y
560,outfit ideas autumn,,,,,,,,,,Y
561,outfit ideas summer,,,,,,,,,,Y
562,outfit ideas casual,,,,,,,,,,Y
563,outfit ideas for school,,,,,,,,,,Y
564,outfit ideas for women,,,,,,,,,,Y
565,outfit ideas men,,,,,,,,,,Y
566,outfit ideas winter,,,,,,,,,,Y
567,outfit ideas jeans,,,,,,,,,,Y
568,outfit ideas y2k,,,,,,,,,,Y
569,planner,,,,,,,,,,Y
570,planner aesthetic,,,,,,,,,,Y
571,planner ideas,,,,,,,,,,Y
572,planner organization,,,,,,,,,,Y
573,planner template,,,,,,,,,,Y
574,planner stickers,,,,,,,,,,Y
575,planner pages,,,,,,,,,,Y
576,planners,,,,,,,,,,Y
577,weekly planner,,,,,,,,,,Y
578,weekly planner template,,,,,,,,,,Y
579,skincare,,,,,,,,,,Y
580,skincare routine,,,,,,,,,,Y
581,skincare aesthetic,,,,,,,,,,Y
582,skincare products,,,,,,,,,,Y
583,skincare order,,,,,,,,,,Y
584,skincare organization,,,,,,,,,,Y
585,skincare routine order,,,,,,,,,,Y
586,skincare products aesthetic,,,,,,,,,,Y
587,skincare fridge,,,,,,,,,,Y
588,skincare steps,,,,,,,,,,Y
589,study motivation,,,,,,,,,,Y
590,study motivation quotes,,,,,,,,,,Y
591,study motivation aesthetic,,,,,,,,,,Y
592,study motivation video,,,,,,,,,,Y
593,study motivation wallpaper,,,,,,,,,,Y
594,study motivation inspiration,,,,,,,,,,Y
595,study aesthetic motivation,,,,,,,,,,Y
596,rory gilmore study motivation,,,,,,,,,,Y
597,motivation to study,,,,,,,,,,Y
598,study,,,,,,,,,,Y
599,travel tips,,,,,,,,,,Y
600,packing tips for travel,,,,,,,,,,Y
601,french tips,,,,,,,,,,Y
602,travel,,,,,,,,,,Y
603,glow up tips,,,,,,,,,,Y
604,travel aesthetic,,,,,,,,,,Y
605,blue french tips,,,,,,,,,,Y
606,square french tips,,,,,,,,,,Y
607,coloured french tips,,,,,,,,,,Y
608,travel outfit,,,,,,,,,,Y
609,wallpapers,,,,,,,,,,Y
610,wallpaper aesthetic,,,,,,,,,,Y
611,wallpaper ipad,,,,,,,,,,Y
612,wallpaper ideas,,,,,,,,,,Y
613,wallpaper 4k,,,,,,,,,,Y
614,wallpaper laptop,,,,,,,,,,Y
615,wallpaper pink,,,,,,,,,,Y
616,wallpaper autumn,,,,,,,,,,Y
617,wedding,,,,,,,,,,Y
618,wedding guest dress,,,,,,,,,,Y
619,wedding cake,,,,,,,,,,Y
620,wedding nails,,,,,,,,,,Y
621,wedding guest outfit,,,,,,,,,,Y
622,wedding hair,,,,,,,,,,Y
623,wedding hairstyles,,,,,,,,,,Y
624,wedding ring,,,,,,,,,,Y
625,budget friendly meals,,,,,,,,,,Y
626,budget template,,,,,,,,,,Y
627,budget friendly meals families,,,,,,,,,,Y
628,budget planner template,,,,,,,,,,Y
629,coloring pages y2k,,,,,,,,,,Y
630,coloring pages fall,,,,,,,,,,Y
631,coloring pages halloween,,,,,,,,,,Y
632,coloring pages easy,,,,,,,,,,Y
633,coloring pages free printable,,,,,,,,,,Y
634,coloring pages for boys,,,,,,,,,,Y
635,desk setup office,,,,,,,,,,Y
636,desk setups,,,,,,,,,,Y
637,cute desk setup,,,,,,,,,,Y
638,teacher desk setup,,,,,,,,,,Y
639,gift ideas for mom,,,,,,,,,,Y
640,gift ideas for girlfriends,,,,,,,,,,Y
641,home decor aesthetic,,,,,,,,,,Y
642,home decor diy,,,,,,,,,,Y
643,home decor styles,,,,,,,,,,Y
644,journal ideas prompts,,,,,,,,,,Y
645,journal ideas writing,,,,,,,,,,Y
646,meal prep breakfast ideas,,,,,,,,,,Y
647,meal prep lunches,,,,,,,,,,Y
648,outfit ideas black women,,,,,,,,,,Y
649,outfit ideas school,,,,,,,,,,Y
650,outfit ideas fall,,,,,,,,,,Y
651,outfit ideas shorts,,,,,,,,,,Y
652,planner inspo,,,,,,,,,,Y
653,planner cover,,,,,,,,,,Y
654,planner inspiration,,,,,,,,,,Y
655,motivation,,,,,,,,,,Y
656,fox tips hair,,,,,,,,,,Y
657,fall french tips,,,,,,,,,,Y
658,travel outfits for women,,,,,,,,,,Y
659,wallpaper for laptop,,,,,,,,,,Y
660,wallpaper macbook,,,,,,,,,,Y
661,wedding rings,,,,,,,,,,Y
662,wedding guest hairstyles,,,,,,,,,,Y
663,cute bedroom ideas,,,,,,,,,,Y
664,small room makeover,,,,,,,,,,Y
665,cozy bedroom ideas,,,,,,,,,,Y
666,small room ideas,,,,,,,,,,Y
667,bedroom ideas for small rooms diy,,,,,,,,,,Y
668,how to save money,,,,,,,,,,Y
669,money saving,,,,,,,,,,Y
670,coloring books,,,,,,,,,,Y
671,coloring page,,,,,,,,,,Y
672,coloring book,,,,,,,,,,Y
673,halloween coloring pages,,,,,,,,,,Y
674,work from home set up,,,,,,,,,,Y
675,corner desk,,,,,,,,,,Y
676,home office ideas,,,,,,,,,,Y
677,office ideas,,,,,,,,,,Y
678,desk ideas,,,,,,,,,,Y
679,gifts,,,,,,,,,,Y
680,christmas present ideas,,,,,,,,,,Y
681,handmade gift ideas for best friend,,,,,,,,,,Y
682,gifts for friends,,,,,,,,,,Y
683,bathroom decor,,,,,,,,,,Y
684,family room,,,,,,,,,,Y
685,entryway ideas,,,,,,,,,,Y
686,house decor,,,,,,,,,,Y
687,aesthetic diary ideas,,,,,,,,,,Y
688,mini art journal,,,,,,,,,,Y
689,journal aesthetic,,,,,,,,,,Y
690,journal page,,,,,,,,,,Y
691,lunch ideas for work,,,,,,,,,,Y
692,high protein meal prep,,,,,,,,,,Y
693,winter outfits for women,,,,,,,,,,Y
694,style,,,,,,,,,,Y
695,birthday outfit,,,,,,,,,,Y
696,outfits for school,,,,,,,,,,Y
697,fall outfits 2026 women,,,,,,,,,,Y
698,digital planner,,,,,,,,,,Y
699,week planner,,,,,,,,,,Y
700,daily planner,,,,,,,,,,Y
701,monthly planner,,,,,,,,,,Y
702,grwm,,,,,,,,,,Y
703,skin care products,,,,,,,,,,Y
704,skin care routine,,,,,,,,,,Y
705,skin care,,,,,,,,,,Y
706,clear skin,,,,,,,,,,Y
707,student aesthetic,,,,,,,,,,Y
708,study vibes,,,,,,,,,,Y
709,study era,,,,,,,,,,Y
710,study core,,,,,,,,,,Y
711,academic motivation,,,,,,,,,,Y
712,travel hacks,,,,,,,,,,Y
713,solo travel,,,,,,,,,,Y
714,switzerland travel,,,,,,,,,,Y
715,travel essentials,,,,,,,,,,Y
716,wallpaper dark,,,,,,,,,,Y
717,black and white wallpaper,,,,,,,,,,Y
718,cool wallpaper,,,,,,,,,,Y
719,desktop wallpaper,,,,,,,,,,Y
720,elegant wedding dresses,,,,,,,,,,Y
721,flowy wedding dress,,,,,,,,,,Y
722,wedding dresses lace,,,,,,,,,,Y
723,fun wedding ideas,,,,,,,,,,Y
724,backless wedding dress,,,,,,,,,,Y
725,bedroom decor,,,,,,,,,,Y
726,cozy bedroom,,,,,,,,,,Y
727,bedroom inspo,,,,,,,,,,Y
728,how to budget for beginners,,,,,,,,,,Y
729,saving money tips,,,,,,,,,,Y
730,home office setup,,,,,,,,,,Y
731,christmas gifts for women,,,,,,,,,,Y
732,small gift ideas,,,,,,,,,,Y
733,small living room ideas,,,,,,,,,,Y
734,journaling,,,,,,,,,,Y
735,food prep ideas,,,,,,,,,,Y
736,work lunch ideas,,,,,,,,,,Y
737,cute fall outfits for women,,,,,,,,,,Y
738,fall casual outfits,,,,,,,,,,Y
739,serious skin care,,,,,,,,,,Y
740,cool things,,,,,,,,,,Y
741,wallpaper black,,,,,,,,,,Y
742,backgrounds,,,,,,,,,,Y
