seed,suggestion,source,country,latest,mean,max,trend_52w,weeks
christmas home decor,fall decor ideas for the home,prefix_match,US,84.0,17.5,100.0,-2.0,52
fall home decor,fall decor ideas for the home,prefix_match,US,84.0,17.5,100.0,-2.0,52
christmas home decor,fall home decor,prefix_match,US,83.0,20.9,100.0,-15.0,52
fall home decor,fall home decor,prefix_match,US,83.0,20.9,100.0,-15.0,52
printable wall art,diy wall art,prefix_match,US,83.0,71.7,100.0,14.0,52
christmas home decor,fall home decor ideas,prefix_match,US,82.0,15.1,100.0,45.0,52
fall home decor,fall home decor ideas,prefix_match,US,82.0,15.1,100.0,45.0,52
fall home decor,fall decor,prefix_match,US,82.0,19.2,100.0,-17.0,52
fall home decor,simple fall decor ideas for the home,prefix_match,US,81.0,16.6,100.0,-15.0,52
christmas home decor,fall home decor 2026,prefix_match,US,79.0,10.9,100.0,79.0,52
fall home decor,fall home decor 2026,prefix_match,US,79.0,10.9,100.0,79.0,52
autumn home decor,autumn home,prefix_match,GB,76.0,19.5,100.0,-24.0,52
printable wall art,wall art ideas,prefix_match,US,73.0,63.8,100.0,36.0,52
fall home decor,fall decor ideas for the home diy,prefix_match,US,72.0,17.3,100.0,-15.0,52
fall home decor,fall room decor,prefix_match,US,72.0,16.5,100.0,13.0,52
autumn home decor,autumn decor,prefix_match,GB,71.0,14.5,100.0,7.0,52
printable wall art,bedroom wall art,prefix_match,US,71.0,67.1,100.0,11.0,52
christmas home decor,elf on the shelf ideas,related_terms,US,71.0,7.6,99.0,71.0,66
autumn home decor,autumn home screen,prefix_match,GB,66.0,13.2,100.0,-19.0,52
printable wall art,christian wall art printable,prefix_match,US,65.0,54.6,100.0,13.0,52
autumn home decor,autumn decor ideas,prefix_match,GB,64.0,10.3,100.0,43.0,52
printable wall art,wall art,prefix_match,US,64.0,59.6,100.0,10.0,52
christmas home decor,home decor ideas,prefix_match,GB,63.0,67.2,100.0,-26.0,52
christmas home decor,autumn home decor,prefix_match,GB,63.0,16.2,100.0,-26.0,52
autumn home decor,autumn home decor,prefix_match,GB,63.0,16.2,100.0,-26.0,52
autumn home decor,home decor ideas,prefix_match,GB,63.0,67.2,100.0,-26.0,52
autumn home decor,autumn room decor,prefix_match,GB,63.0,13.9,100.0,16.0,52
christmas home decor,home decor bedroom,prefix_match,GB,60.0,25.5,100.0,26.0,52
autumn home decor,home decor bedroom,prefix_match,GB,60.0,25.5,100.0,26.0,52
christmas home decor,diy home decor,prefix_match,GB,58.0,57.3,100.0,-42.0,52
autumn home decor,diy home decor,prefix_match,GB,58.0,57.3,100.0,-42.0,52
christmas home decor,home decor,prefix_match,US,57.0,64.2,100.0,3.0,52
fall home decor,home decor,prefix_match,US,57.0,64.2,100.0,3.0,52
printable wall art,printable wall art,prefix_match,US,56.0,74.2,100.0,-44.0,52
christmas home decor,diy home decor,prefix_match,US,55.0,62.2,100.0,-45.0,52
christmas home decor,home decor ideas,prefix_match,US,54.0,71.5,100.0,-39.0,52
fall home decor,home decor ideas,prefix_match,US,54.0,71.5,100.0,-39.0,52
printable wall art,wall art prints,prefix_match,US,53.0,45.8,100.0,-4.0,52
printable wall art,free printable wall art,prefix_match,US,49.0,30.5,100.0,-22.0,52
christmas home decor,home decor,prefix_match,GB,46.0,51.8,100.0,-3.0,52
autumn home decor,home decor,prefix_match,GB,46.0,51.8,100.0,-3.0,52
printable wall art,wall art living room,prefix_match,US,45.0,62.3,100.0,-42.0,52
christmas home decor,vintage home decor,prefix_match,US,40.0,63.4,100.0,2.0,52
printable wall art,bathroom wall art,prefix_match,US,38.0,39.5,100.0,2.0,52
christmas home decor,outdoor fall decor,related_terms,US,38.0,12.8,100.0,-62.0,53
christmas home decor,vintage home decor,prefix_match,GB,35.0,61.2,100.0,-5.0,52
christmas home decor,dark home decor,prefix_match,GB,33.0,33.8,100.0,-14.0,52
christmas decorations,nightmare before christmas decorations,prefix_match,US,31.0,18.2,100.0,-20.0,52
christmas home decor,decor home living room,prefix_match,GB,27.0,49.1,100.0,-35.0,52
christmas home decor,home entrance decor,prefix_match,GB,24.0,32.1,100.0,-31.0,52
christmas home decor,christmas living room ideas,related_terms,US,17.0,9.0,60.0,15.0,66
christmas decorations,diy christmas decorations easy,prefix_match,US,12.0,13.5,100.0,5.0,52
christmas home decor,christmas mantle ideas,related_terms,US,12.0,9.1,62.0,10.0,66
christmas home decor,christmas home decor ideas,prefix_match,US,11.0,14.5,100.0,2.0,52
christmas home decor,christmas table decor,prefix_match,GB,11.0,16.2,100.0,-1.0,52
christmas decorations,vintage christmas decorations,prefix_match,US,11.0,13.3,100.0,-6.0,52
cozy christmas,cozy christmas living room,prefix_match,US,10.0,14.0,100.0,-1.0,52
cozy christmas,cozy christmas tree,prefix_match,US,7.0,12.8,100.0,-2.0,52
cozy christmas,cozy christmas living room ideas,prefix_match,US,7.0,10.6,100.0,-1.0,52
christmas home decor,classic christmas decor,related_terms,US,7.0,6.3,45.0,5.0,66
christmas home decor,home christmas decor,prefix_match,US,6.0,11.8,100.0,-1.0,52
christmas decorations,christmas decorations apartment,prefix_match,US,6.0,11.3,100.0,-15.0,52
cozy christmas,cozy christmas kitchen,prefix_match,US,6.0,14.1,100.0,-5.0,52
christmas decorations,grinch christmas decorations,prefix_match,US,5.0,13.2,100.0,-7.0,52
christmas decorations,christmas decorations outdoor,prefix_match,US,4.0,12.4,100.0,-5.0,52
cozy christmas,cozy christmas bedroom,prefix_match,US,4.0,10.4,100.0,-3.0,52
christmas decorations,christmas decorations living room,prefix_match,US,3.0,11.9,100.0,-8.0,52
cozy christmas,cozy christmas bedroom aesthetic,prefix_match,US,3.0,12.0,100.0,-7.0,52
christmas decorations,christmas decorations diy outdoor,prefix_match,US,2.0,11.1,100.0,-8.0,52
cozy christmas,cozy christmas room,prefix_match,US,2.0,7.2,100.0,-5.0,52
cozy christmas,cozy christmas coloring pages,prefix_match,US,2.0,14.9,100.0,-1.0,52
christmas decorations,christmas decorations indoor,prefix_match,US,1.0,11.4,100.0,-12.0,52
christmas decorations,christmas decorations centerpiece,prefix_match,US,1.0,8.1,100.0,0.0,52
cozy christmas,cozy christmas outfit,prefix_match,US,1.0,5.0,100.0,-1.0,52
cozy christmas,cozy christmas wallpaper,prefix_match,US,1.0,8.7,100.0,-1.0,52
