file,template,board,title,description,alt_text,target_keyword
rendered/pin-001-cozy-bedroom-renter.png,bold_title,Cozy Home Decor & Aesthetic Room Ideas,Cozy Bedroom Ideas: Make a Small Room Feel Warm and Grown-Up,"Cozy bedroom ideas for small, rented rooms: swap cool white bulbs for warm ones, layer a wool throw over a linen duvet, and let one textured wall carry the whole scheme. Nothing here needs a drill or costs you a deposit. Save it for your next room refresh. #cozybedroomideas #smallbedroom #homedecor",Terracotta text pin reading 'Make a Small Bedroom Feel Warm and Grown-Up' with the label 'Renter-Friendly Changes' on a cream background,cozy bedroom ideas
rendered/pin-002-calm-rooms-quiet-edit.png,editorial_minimal,Cozy Home Decor & Aesthetic Room Ideas,Home Decor Aesthetic: Why Calm Rooms Have Less in Them,"Home decor aesthetic, edited down: take five things out before you add one, match textures before colors, warm every bulb, and leave one surface completely empty. It takes an afternoon and makes a rented room feel considered instead of cluttered. #homedecoraesthetic #interiortips #rentedhome",Editorial-style pin on pale sage with a serif headline about the calmest rooms and four numbered home decor tips,home decor aesthetic
rendered/pin-003-small-space-storage.png,listicle,Cozy Home Decor & Aesthetic Room Ideas,Small Room Ideas: 5 Storage Fixes for Rented Rooms,"Small room ideas for hiding clutter without a single drill hole: baskets in your wall color, a slim over-door rack, one tray for the small things, under-bed boxes with labels you can read, and a drop zone by the door. Every one of them lifts out again when you move. #smallroomideas #storageideas #rentedhome",Numbered listicle pin headed '5 small-space storage ideas' with five renter-friendly tips on a warm amber background,small room ideas
rendered/pin-004-heritage-stripe-wallpaper.png,photo_frame,Wallpaper & Accent Wall Inspiration,Wallpaper Ideas: Warm Heritage Stripes for a Cozy Hallway,"Wallpaper ideas for warm, layered rooms: heritage stripes in rust, olive and cream soften a hallway, bedroom or reading nook instantly. Renter-friendly versions exist too, so nothing has to be permanent. Save this for your next room update. #wallpaperideas #accentwall #hallwaydecor","Illustrated wallpaper study of cream, rust and olive heritage stripes with a caption bar reading 'Heritage Stripe Wallpaper'",wallpaper ideas
rendered/pin-005-accent-wall-one-wall.png,editorial_minimal,Wallpaper & Accent Wall Inspiration,"Wallpaper Ideas for One Accent Wall, Four Ways That Work","Accent wall ideas for small rooms and rentals: stripe one wall low and dark, paper just the wall behind the bed, paint the alcoves and keep the rest pale, or use self-adhesive panels that lift off cleanly. Pick one wall, commit to it, and leave the others quiet. #accentwall #wallpaperdark #rentedhome",Minimal editorial pin titled 'One wall can carry the whole room' listing four numbered accent wall ideas,wallpaper dark
rendered/pin-006-corner-desk-setup.png,bold_title,Desk Setup & Study Aesthetic,Desk Setup Ideas: How to Make a Small Corner Workspace,"Desk setup ideas for small rooms: use the corner you already have, light it with one warm lamp instead of the ceiling, keep only what you reach for daily on the surface, and add a plant or a print for company. Calmer to work at, and an hour to set up. #desksetupideas #smallspaces #workfromhome",Sage green text pin reading 'Turn a Corner Into a Desk You Want to Sit At' with the label 'Small-Space Friendly',desk setup ideas
rendered/pin-007-cozy-desk-upgrades.png,listicle,Desk Setup & Study Aesthetic,Cozy Desk Setup: 6 Small Upgrades That Warm Up a Workspace,"Cozy desk setup upgrades that cost very little: one warm lamp, a tray for the small things, a screen riser, one texture you can see and touch, a notebook that stays open, and a two-minute reset before you log off. Try two of them tonight. #cozydesk #desksetupideas #studygram",Mint green listicle pin headed '6 cozy desk upgrades' with six short workspace tips in numbered rows,cozy desk setup
rendered/pin-008-tidy-desk-quote.png,quote_card,Desk Setup & Study Aesthetic,Study Aesthetic: A Tidy Desk Makes Starting Less of a Fight,"Study aesthetic, minus the expensive stationery: clear the surface, keep one warm light on, and set out only tonight's task. Motivation usually turns up about ten minutes after you start, not before. Save this for the evenings you cannot face the reading list. #studyaesthetic #studyinspo #productivity","Quote card reading 'A tidy desk will not do the work for you' with the handwritten accent line 'start small, start now'",study era
rendered/pin-009-weekly-planner-template.png,pastel_gradient,"Planner, Journal & Study Printables",Weekly Planner Template: The One That Actually Sticks,"A weekly planner template that survives past week three: one page, five lines a day and a single must-happen box. Fill it in on Sunday night, leave it open on the desk, and stop rewriting the same list in three places. Undated, printable and guilt-free. #weeklyplanner #plannerprintable #productivity","Lavender gradient pin with a frosted card, a 'Printable Planner' chip and the title 'The Weekly Planner That Finally Stuck'",weekly planner template
rendered/pin-010-planner-week-three.png,editorial_minimal,"Planner, Journal & Study Printables",Planner Ideas: How to Still Be Using It in Week Six,"Planner ideas for people who abandon theirs by week three: one must-happen per day instead of ten, plan in pencil, leave Friday afternoon empty, and review the week for five minutes every Sunday. Simple enough to actually keep up with. #plannerideas #weeklyplanner #planningtips",Pale editorial pin titled 'Most planners fail in week three' with four numbered planner rules,planner inspiration
rendered/pin-011-journal-prompts.png,listicle,"Planner, Journal & Study Printables",Journal Ideas: 5 Prompts for Quiet Autumn Evenings,"Journal ideas for the nights you want to write but nothing comes: three small things that went right, one line about the weather, what you are saving up for, the conversation you keep replaying, and something you would tell yourself a year ago. Five minutes, no perfect handwriting required. #journalideas #journaling #autumnjournal",Lavender listicle pin headed '5 journal page ideas' with five short journaling prompts in numbered rows,journal ideas prompts
rendered/pin-012-autumn-home-refresh.png,bold_title,Cozy Autumn Home & Fall Decor,Fall Home Decor Ideas: Warm Every Room Without Buying Anything,"Fall home decor ideas that need no shopping trip: warm the bulbs, bring the wool throws back out, gather dried stems on a walk, and keep the candles where you actually sit. Autumn warmth is mostly light and texture, not new furniture. #fallhomedecor #autumnhome #cozyhome",Warm amber text pin reading 'Warm Your Home for Autumn Without Buying Anything' with the label 'Five-Minute Changes',fall home decor ideas
rendered/pin-013-autumn-evenings-quote.png,quote_card,Cozy Autumn Home & Fall Decor,Autumn Decor Ideas for Slow Evenings at Home,"Autumn decor ideas for slow evenings in: switch off the big light, put a candle where you sit, and make something warm to drink before you start scrolling. Autumn is the season for staying in — a few small habits make it feel deliberate rather than lazy. #autumndecor #cozyautumn #slowliving",Terracotta quote card reading 'Autumn asks very little of us' with the script accent line 'and stay in tonight',autumn decor ideas
rendered/pin-014-rainy-window-print.png,photo_frame,Cozy Autumn Home & Fall Decor,Autumn Room Decor: A Rainy Window Print in Amber and Cream,"Autumn room decor without the clutter: the cozy bits worth having are the ones you touch — a wool throw, a lamp with a warm bulb, and a print that makes a corner feel finished. This rainy window print is built for the desk corner or the wall you look at while the kettle boils. #autumnroomdecor #printableart #wallart","Illustrated print of a rainy window with a warm lamp glow, captioned 'Rainy Window, Warm Light', with a 'Printable Art' badge",autumn room decor
rendered/pin-015-printable-wall-art-guide.png,pastel_gradient,Printable Wall Art & Coloring Pages,Printable Wall Art: How to Hang a Gallery Wall That Moves With You,"Printable wall art makes a gallery wall cheap and reversible: measure the wall, pick one size and repeat it, keep the gaps even, and hang the middle row at eye level. When you move, swap the prints and keep the frames. #printablewallart #gallerywall #wallartideas","Blush gradient pin with a 'Printable Wall Art' chip and the title 'Five Prints, One Wall, No Hanging Stress'",printable wall art
rendered/pin-016-coloring-pages-printables.png,pastel_gradient,Printable Wall Art & Coloring Pages,Coloring Pages for Kids and Grown-Ups: Autumn Printables,"Coloring pages that earn their printer ink: simple autumn scenes for kids, and more detailed leaves and windows for adults who want something to do with their hands. Print a few, keep them with the crayons, and save the set for rainy afternoons. #coloringpages #printablesforkids #autumnactivities",Soft green gradient pin with a 'Free Printables' chip and the title 'Rainy-Day Coloring Pages for Every Age',coloring pages for kids
rendered/pin-017-christmas-living-room.png,bold_title,Christmas Home Decor & Festive Ideas,"Christmas Home Decor Ideas: A Cozy Living Room, Nothing Overdone","Christmas home decor that stays cozy instead of cluttered: warm white lights only, one tree you actually have space for, greenery along the mantel rather than in every corner, and a throw ready for the evenings in. Start planning in autumn — December goes fast. #christmasdecor #cozyhome #christmashome","Deep green and navy text pin reading 'A Cozy Christmas Living Room, Nothing Overdone' with the label 'Warm and Understated'",cozy christmas living room
rendered/pin-018-christmas-table.png,listicle,Christmas Home Decor & Festive Ideas,Christmas Table Decor: Five Ideas You Can Set Up in an Hour,"Christmas table decor you can set up in an hour: one long runner instead of placemats everywhere, candles at three heights, greenery cut from the garden, plain plates so the food does the talking, and dessert staged on a side table. Nothing precious, nothing breakable. #christmastable #christmasdecor #tablesetting",Sage green listicle pin headed '5 christmas table ideas' with five numbered table-setting ideas,christmas table decor
rendered/pin-019-christmas-tree-print.png,photo_frame,Christmas Home Decor & Festive Ideas,Christmas Wall Art: A Minimal Tree Print for Quiet Decor,"Christmas wall art for people who like their decor quiet: one minimal tree, one star and a lot of space around it, printed at home in four sizes. It sits happily next to your usual pictures instead of fighting them for attention. #christmasprint #printableart #christmasdecor","Illustrated minimal Christmas tree print with a single star, captioned 'Minimal Christmas Tree Print', with a 'Printable Art' badge",christmas home decor ideas
rendered/pin-020-gift-quote-small-joys.png,quote_card,Gift Ideas & Small Joys,Small Gift Ideas That Do Not Feel Like an Afterthought,"Small gift ideas that do not feel like a last-minute panic: write down what they mention through the year, buy the upgrade of something they already use daily, and give it with a note explaining why. Attention is the whole gift. #smallgiftideas #giftideas #christmasgifts","Blush quote card reading 'A good gift is just attention, wrapped up.' with the script line 'notice what they mention'",small gift ideas
